<?xml version="1.0" encoding="UTF-8"?>
<root>
  <item name="com.android.tv.common.ui.setup.SetupFragment void enableFragmentTransition(int) 0">
    <annotation name="android.support.annotation.IntDef">
      <val name="flag" val="true" />
      <val name="value" val="{com.android.tv.common.ui.setup.SetupFragment.FRAGMENT_ENTER_TRANSITION, com.android.tv.common.ui.setup.SetupFragment.FRAGMENT_EXIT_TRANSITION, com.android.tv.common.ui.setup.SetupFragment.FRAGMENT_REENTER_TRANSITION, com.android.tv.common.ui.setup.SetupFragment.FRAGMENT_RETURN_TRANSITION}" />
    </annotation>
  </item>
  <item name="com.android.tv.common.ui.setup.SetupFragment void setFragmentTransition(int, int) 0">
    <annotation name="android.support.annotation.IntDef">
      <val name="flag" val="true" />
      <val name="value" val="{com.android.tv.common.ui.setup.SetupFragment.FRAGMENT_ENTER_TRANSITION, com.android.tv.common.ui.setup.SetupFragment.FRAGMENT_EXIT_TRANSITION, com.android.tv.common.ui.setup.SetupFragment.FRAGMENT_REENTER_TRANSITION, com.android.tv.common.ui.setup.SetupFragment.FRAGMENT_RETURN_TRANSITION}" />
    </annotation>
  </item>
  <item name="com.android.tv.common.ui.setup.SetupFragment void setShortDistance(int) 0">
    <annotation name="android.support.annotation.IntDef">
      <val name="flag" val="true" />
      <val name="value" val="{com.android.tv.common.ui.setup.SetupFragment.FRAGMENT_ENTER_TRANSITION, com.android.tv.common.ui.setup.SetupFragment.FRAGMENT_EXIT_TRANSITION, com.android.tv.common.ui.setup.SetupFragment.FRAGMENT_REENTER_TRANSITION, com.android.tv.common.ui.setup.SetupFragment.FRAGMENT_RETURN_TRANSITION}" />
    </annotation>
  </item>
  <item name="com.android.tv.common.ui.setup.SetupFragment.FragmentTransitionType">
    <annotation name="android.support.annotation.IntDef">
      <val name="flag" val="true" />
      <val name="value" val="{com.android.tv.common.ui.setup.SetupFragment.FRAGMENT_ENTER_TRANSITION, com.android.tv.common.ui.setup.SetupFragment.FRAGMENT_EXIT_TRANSITION, com.android.tv.common.ui.setup.SetupFragment.FRAGMENT_REENTER_TRANSITION, com.android.tv.common.ui.setup.SetupFragment.FRAGMENT_RETURN_TRANSITION}" />
    </annotation>
  </item>
</root>

