<?xml version="1.0" encoding="UTF-8"?>
<root>
  <item name="com.android.tv.common.CommonPreferences int getTrickplaySetting(android.content.Context)">
    <annotation name="android.support.annotation.IntDef">
      <val name="value" val="{com.android.tv.common.CommonPreferences.TRICKPLAY_SETTING_NOT_SET, com.android.tv.common.CommonPreferences.TRICKPLAY_SETTING_DISABLED, com.android.tv.common.CommonPreferences.TRICKPLAY_SETTING_ENABLED}" />
    </annotation>
  </item>
  <item name="com.android.tv.common.CommonPreferences void setTrickplaySetting(android.content.Context, int) 1">
    <annotation name="android.support.annotation.IntDef">
      <val name="value" val="{com.android.tv.common.CommonPreferences.TRICKPLAY_SETTING_NOT_SET, com.android.tv.common.CommonPreferences.TRICKPLAY_SETTING_DISABLED, com.android.tv.common.CommonPreferences.TRICKPLAY_SETTING_ENABLED}" />
    </annotation>
  </item>
  <item name="com.android.tv.common.CommonPreferences.TrickplaySetting">
    <annotation name="android.support.annotation.IntDef">
      <val name="value" val="{com.android.tv.common.CommonPreferences.TRICKPLAY_SETTING_NOT_SET, com.android.tv.common.CommonPreferences.TRICKPLAY_SETTING_DISABLED, com.android.tv.common.CommonPreferences.TRICKPLAY_SETTING_ENABLED}" />
    </annotation>
  </item>
</root>

