<?xml version="1.0" encoding="UTF-8"?>
<root>
  <item name="com.android.tv.common.customization.CustomizationManager int getTrickplayMode(android.content.Context)">
    <annotation name="android.support.annotation.IntDef">
      <val name="value" val="{com.android.tv.common.customization.CustomizationManager.TRICKPLAY_MODE_ENABLED, com.android.tv.common.customization.CustomizationManager.TRICKPLAY_MODE_DISABLED, com.android.tv.common.customization.CustomizationManager.TRICKPLAY_MODE_USE_EXTERNAL_STORAGE}" />
    </annotation>
  </item>
  <item name="com.android.tv.common.customization.CustomizationManager sTrickplayMode">
    <annotation name="android.support.annotation.IntDef">
      <val name="value" val="{com.android.tv.common.customization.CustomizationManager.TRICKPLAY_MODE_ENABLED, com.android.tv.common.customization.CustomizationManager.TRICKPLAY_MODE_DISABLED, com.android.tv.common.customization.CustomizationManager.TRICKPLAY_MODE_USE_EXTERNAL_STORAGE}" />
    </annotation>
  </item>
  <item name="com.android.tv.common.customization.CustomizationManager.TRICKPLAY_MODE">
    <annotation name="android.support.annotation.IntDef">
      <val name="value" val="{com.android.tv.common.customization.CustomizationManager.TRICKPLAY_MODE_ENABLED, com.android.tv.common.customization.CustomizationManager.TRICKPLAY_MODE_DISABLED, com.android.tv.common.customization.CustomizationManager.TRICKPLAY_MODE_USE_EXTERNAL_STORAGE}" />
    </annotation>
  </item>
</root>

